month_year,total_sales,quantity,order_count,unique_customers,growth_rate
2024-01,745.92,8,5,4,
2024-02,1657.92,10,5,5,122.26512226512227
2024-03,1166.93,12,5,5,-29.614818567844047
