total_sales,quantity,order_count,unique_customers,growth_rate
745.92,8,5,4,
1657.92,10,5,5,122.26512226512227
1166.93,12,5,5,-29.614818567844047
